BeginTime,TigerName,X_DecimalDegrees,Y_DecimalDegrees
1/01/2019 0:00,Cool Cat,80.13394207,24.64686894
2/01/2019 0:00,Cool Cat,80.08346665,24.64598311
3/01/2019 0:00,Cool Cat,80.14730892,24.62613106
4/01/2019 0:00,Cool Cat,80.13158346,24.6379835
5/01/2019 0:00,Cool Cat,80.100073,24.67690485
6/01/2019 0:00,Cool Cat,80.18584489,24.67025715
7/01/2019 0:00,Cool Cat,80.18685562,24.65912863
8/01/2019 0:00,Cool Cat,80.19018154,24.67615006
9/01/2019 0:00,Cool Cat,80.13562371,24.63476396
10/01/2019 0:00,Cool Cat,80.10108844,24.66690365
11/01/2019 0:00,Cool Cat,80.13605647,24.65059081
12/01/2019 0:00,Cool Cat,80.14263816,24.61889326
13/01/2019 0:00,Cool Cat,80.16411167,24.60601226
14/01/2019 0:00,Cool Cat,80.16814908,24.61562893
15/01/2019 0:00,Cool Cat,80.15611461,24.64685953
16/01/2019 0:00,Cool Cat,80.12664521,24.64235819
17/01/2019 0:00,Cool Cat,80.20134003,24.62520695
18/01/2019 0:00,Cool Cat,80.12993056,24.63218608
19/01/2019 0:00,Cool Cat,80.14524566,24.62198044
20/01/2019 0:00,Cool Cat,80.13826941,24.6111936
21/01/2019 0:00,Cool Cat,80.14349818,24.61972326
22/01/2019 0:00,Cool Cat,80.16088771,24.60946206
23/01/2019 0:00,Cool Cat,80.13330376,24.63071847
24/01/2019 0:00,Cool Cat,80.13227214,24.63786418
25/01/2019 0:00,Cool Cat,80.16478969,24.6195231
26/01/2019 0:00,Cool Cat,80.14145779,24.65712117
27/01/2019 0:00,Cool Cat,80.12628331,24.64694262
28/01/2019 0:00,Cool Cat,80.14965046,24.6141693
29/01/2019 0:00,Cool Cat,80.13325083,24.63778485
30/01/2019 0:00,Cool Cat,80.12032815,24.62983563
31/01/2019 0:00,Cool Cat,80.12546472,24.63333369
1/02/2019 0:00,Cool Cat,80.1250363,24.63167492
2/02/2019 0:00,Cool Cat,80.1340823,24.63298543
3/02/2019 0:00,Cool Cat,80.14851338,24.61181674
4/02/2019 0:00,Cool Cat,80.15097321,24.61126653
5/02/2019 0:00,Cool Cat,80.14132704,24.61912117
6/02/2019 0:00,Cool Cat,80.14902996,24.61002849
7/02/2019 0:00,Cool Cat,80.11712745,24.6495716
8/02/2019 0:00,Cool Cat,80.12358793,24.63391112
9/02/2019 0:00,Cool Cat,80.15550755,24.62029937
10/02/2019 0:00,Cool Cat,80.10707663,24.67142614
11/02/2019 0:00,Cool Cat,80.13102893,24.68317087
12/02/2019 0:00,Cool Cat,80.12123858,24.68098695
13/02/2019 0:00,Cool Cat,80.17988,24.66827
14/02/2019 0:00,Cool Cat,80.18553,24.66456
15/02/2019 0:00,Cool Cat,80.19017,24.66057
16/02/2019 0:00,Cool Cat,80.15662,24.62433
17/02/2019 0:00,Cool Cat,80.14414,24.6391
18/02/2019 0:00,Cool Cat,80.12721,24.65423
19/02/2019 0:00,Cool Cat,80.13287,24.65364
20/02/2019 0:00,Cool Cat,80.15343,24.64077
21/02/2019 0:00,Cool Cat,80.17881,24.66574
22/02/2019 0:00,Cool Cat,80.22073,24.68196
23/02/2019 0:00,Cool Cat,80.14253,24.68079
24/02/2019 0:00,Cool Cat,80.14264,24.67478
25/02/2019 0:00,Cool Cat,80.14201,24.67261
26/02/2019 0:00,Cool Cat,80.16488,24.64292
27/02/2019 0:00,Cool Cat,80.14838,24.61269
28/02/2019 0:00,Cool Cat,80.16266,24.64378
1/03/2019 0:00,Cool Cat,80.1606,24.64352
2/03/2019 0:00,Cool Cat,80.1574,24.62845
3/03/2019 0:00,Cool Cat,80.19664,24.64448
4/03/2019 0:00,Cool Cat,80.1898,24.68993
5/03/2019 0:00,Cool Cat,80.16893,24.64968
6/03/2019 0:00,Cool Cat,80.15324,24.64523
7/03/2019 0:00,Cool Cat,80.16756,24.61239
8/03/2019 0:00,Cool Cat,80.14875,24.62871
9/03/2019 0:00,Cool Cat,80.15873,24.60997
10/03/2019 0:00,Cool Cat,80.10879,24.66122
11/03/2019 0:00,Cool Cat,80.09251,24.66734
12/03/2019 0:00,Cool Cat,80.09271,24.6697
13/03/2019 0:00,Cool Cat,80.0923,24.68471
14/03/2019 0:00,Cool Cat,80.16502,24.62468
15/03/2019 0:00,Cool Cat,80.15387,24.63409
16/03/2019 0:00,Cool Cat,80.18262,24.65656
17/03/2019 0:00,Cool Cat,80.18652,24.68944
18/03/2019 0:00,Cool Cat,80.183,24.673
19/03/2019 0:00,Cool Cat,80.183,24.673
20/03/2019 0:00,Cool Cat,80.18155,24.6676
21/03/2019 0:00,Cool Cat,80.18155,24.6676
22/03/2019 0:00,Cool Cat,80.18155,24.6676
23/03/2019 0:00,Cool Cat,80.18151,24.66836
24/03/2019 0:00,Cool Cat,80.18111,24.6699
25/03/2019 0:00,Cool Cat,80.18159,24.66892
26/03/2019 0:00,Cool Cat,80.1829,24.66917
27/03/2019 0:00,Cool Cat,80.18492,24.6672
28/03/2019 0:00,Cool Cat,80.22134,24.65533
29/03/2019 0:00,Cool Cat,80.22676,24.65815
30/03/2019 0:00,Cool Cat,80.22604,24.65874
31/03/2019 0:00,Cool Cat,80.18243,24.66808
1/04/2019 0:00,Cool Cat,80.18516,24.67044
2/04/2019 0:00,Cool Cat,80.19233,24.6772
3/04/2019 0:00,Cool Cat,80.18226,24.66892
4/04/2019 0:00,Cool Cat,80.16669,24.61667
5/04/2019 0:00,Cool Cat,80.11137,24.62872
6/04/2019 0:00,Cool Cat,80.14145,24.64239
7/04/2019 0:00,Cool Cat,80.14417,24.68937
8/04/2019 0:00,Cool Cat,80.14688,24.69036
9/04/2019 0:00,Cool Cat,80.17745,24.66767
10/04/2019 0:00,Cool Cat,80.18389,24.63417
11/04/2019 0:00,Cool Cat,80.19177,24.65069
12/04/2019 0:00,Cool Cat,80.18665,24.66704
13/04/2019 0:00,Cool Cat,80.15966,24.61274
14/04/2019 0:00,Cool Cat,80.15787,24.61179
15/04/2019 0:00,Cool Cat,80.07617,24.59882
16/04/2019 0:00,Cool Cat,80.03577,24.6438
17/04/2019 0:00,Cool Cat,80.03915,24.64439
18/04/2019 0:00,Cool Cat,80.03645,24.64446
19/04/2019 0:00,Cool Cat,80.05718,24.67191
20/04/2019 0:00,Cool Cat,80.10055,24.67157
21/04/2019 0:00,Cool Cat,80.07407,24.71605
22/04/2019 0:00,Cool Cat,80.05361,24.67382
23/04/2019 0:00,Cool Cat,80.02892,24.61708
24/04/2019 0:00,Cool Cat,80.08274,24.5712
25/04/2019 0:00,Cool Cat,80.08654,24.56903
26/04/2019 0:00,Cool Cat,80.08281,24.57217
27/04/2019 0:00,Cool Cat,80.08413,24.5658
28/04/2019 0:00,Cool Cat,80.07588,24.55254
29/04/2019 0:00,Cool Cat,80.066,24.55042
30/04/2019 0:00,Cool Cat,80.07275,24.54239
1/05/2019 0:00,Cool Cat,80.07635,24.54622
2/05/2019 0:00,Cool Cat,80.08538,24.54859
3/05/2019 0:00,Cool Cat,80.14344,24.58401
4/05/2019 0:00,Cool Cat,80.16687,24.59573
5/05/2019 0:00,Cool Cat,80.16514,24.60639
6/05/2019 0:00,Cool Cat,80.01819,24.61254
7/05/2019 0:00,Cool Cat,80.16859,24.61384
8/05/2019 0:00,Cool Cat,80.17197,24.61227
9/05/2019 0:00,Cool Cat,80.17132,24.61447
10/05/2019 0:00,Cool Cat,80.17418,24.61544
11/05/2019 0:00,Cool Cat,80.1866,24.60893
12/05/2019 0:00,Cool Cat,80.17437,24.61679
13/05/2019 0:00,Cool Cat,80.15918,24.6083
14/05/2019 0:00,Cool Cat,80.16027,24.60392
15/05/2019 0:00,Cool Cat,80.15885,24.60656
16/05/2019 0:00,Cool Cat,80.08291,24.62946
17/05/2019 0:00,Cool Cat,80.09394,24.67093
18/05/2019 0:00,Cool Cat,80.09379,24.68635
19/05/2019 0:00,Cool Cat,80.18376,24.66728
20/05/2019 0:00,Cool Cat,80.14853,24.67997
21/05/2019 0:00,Cool Cat,80.18042,24.66879
22/05/2019 0:00,Cool Cat,80.16118,24.68028
23/05/2019 0:00,Cool Cat,80.14993,24.61847
24/05/2019 0:00,Cool Cat,80.15709,24.61705
25/05/2019 0:00,Cool Cat,80.04344,24.62738
26/05/2019 0:00,Cool Cat,80.03632,24.64374
27/05/2019 0:00,Cool Cat,80.05393,24.67494
28/05/2019 0:00,Cool Cat,80.04062,24.68493
29/05/2019 0:00,Cool Cat,80.00786,24.62643
30/05/2019 0:00,Cool Cat,80.00928,24.62441
31/05/2019 0:00,Cool Cat,80.06212,24.5972
1/06/2019 0:00,Cool Cat,80.15678,24.61058
2/06/2019 0:00,Cool Cat,80.15916,24.60521
3/06/2019 0:00,Cool Cat,80.15867,24.60443
4/06/2019 0:00,Cool Cat,80.16168,24.64215
5/06/2019 0:00,Cool Cat,80.15906,24.61142
6/06/2019 0:00,Cool Cat,80.17856,24.6691
7/06/2019 0:00,Cool Cat,80.14785,24.67805
8/06/2019 0:00,Cool Cat,80.15763,24.61011
9/06/2019 0:00,Cool Cat,80.15936,24.61142
10/06/2019 0:00,Cool Cat,80.15814,24.61301
11/06/2019 0:00,Cool Cat,80.16942,24.63099
12/06/2019 0:00,Cool Cat,80.16538,24.63487
1/01/2019 0:00,Shere Khan,79.866629,24.628443
2/01/2019 0:00,Shere Khan,79.866136,24.627664
3/01/2019 0:00,Shere Khan,79.867122,24.629222
4/01/2019 0:00,Shere Khan,79.867254,24.62818
5/01/2019 0:00,Shere Khan,79.853575,24.605804
6/01/2019 0:00,Shere Khan,79.866629,24.628443
7/01/2019 0:00,Shere Khan,79.852342,24.610233
8/01/2019 0:00,Shere Khan,79.853098,24.610792
9/01/2019 0:00,Shere Khan,79.853098,24.610792
10/01/2019 0:00,Shere Khan,79.852282,24.610193
11/01/2019 0:00,Shere Khan,79.849232,24.605391
12/01/2019 0:00,Shere Khan,79.849082,24.605161
13/01/2019 0:00,Shere Khan,79.852708,24.609901
14/01/2019 0:00,Shere Khan,79.849766,24.609044
15/01/2019 0:00,Shere Khan,79.866136,24.627664
16/01/2019 0:00,Shere Khan,79.846511,24.597494
17/01/2019 0:00,Shere Khan,79.86778,24.62714
18/01/2019 0:00,Shere Khan,79.85444,24.60413
19/01/2019 0:00,Shere Khan,79.86438,24.62925
20/01/2019 0:00,Shere Khan,79.85281,24.61279
21/01/2019 0:00,Shere Khan,79.89368,24.59876
22/01/2019 0:00,Shere Khan,79.8366,24.59924
23/01/2019 0:00,Shere Khan,79.84114,24.60634
24/01/2019 0:00,Shere Khan,79.83626,24.60039
25/01/2019 0:00,Shere Khan,79.87273,24.61332
26/01/2019 0:00,Shere Khan,79.83955,24.60559
27/01/2019 0:00,Shere Khan,79.86718,24.62917
29/01/2019 0:00,Shere Khan,79.86093,24.60629
30/01/2019 0:00,Shere Khan,79.86298,24.61399
31/01/2019 0:00,Shere Khan,79.86355,24.60813
1/02/2019 0:00,Shere Khan,79.85226,24.62818
2/02/2019 0:00,Shere Khan,79.87372,24.62903
4/02/2019 0:00,Shere Khan,79.87309,24.62673
5/02/2019 0:00,Shere Khan,79.87925,24.61911
6/02/2019 0:00,Shere Khan,79.88414,24.63136
7/02/2019 0:00,Shere Khan,79.86922,24.62798
8/02/2019 0:00,Shere Khan,79.86922,24.62798
9/02/2019 0:00,Shere Khan,79.86922,24.62798
10/02/2019 0:00,Shere Khan,79.87308,24.62806
11/02/2019 0:00,Shere Khan,79.87308,24.62806
12/02/2019 0:00,Shere Khan,79.87308,24.62806
13/02/2019 0:00,Shere Khan,79.90982,24.64611
14/02/2019 0:00,Shere Khan,79.88859,24.63875
15/02/2019 0:00,Shere Khan,79.87462,24.6284
16/02/2019 0:00,Shere Khan,79.88386,24.62206
17/02/2019 0:00,Shere Khan,79.87464,24.6284
18/02/2019 0:00,Shere Khan,79.87464,24.6284
19/02/2019 0:00,Shere Khan,79.87464,24.6284
20/02/2019 0:00,Shere Khan,79.87309,24.62673
21/02/2019 0:00,Shere Khan,79.87358,24.63154
22/02/2019 0:00,Shere Khan,79.88239,24.6388
23/02/2019 0:00,Shere Khan,79.88451,24.62242
24/02/2019 0:00,Shere Khan,79.87462,24.6284
25/02/2019 0:00,Shere Khan,79.87904,24.61888
26/02/2019 0:00,Shere Khan,79.86875,24.61168
27/02/2019 0:00,Shere Khan,79.86652,24.60948
28/02/2019 0:00,Shere Khan,79.8718,24.61195
1/03/2019 0:00,Shere Khan,79.87794,24.62688
2/03/2019 0:00,Shere Khan,79.9102,24.64757
3/03/2019 0:00,Shere Khan,79.85552,24.61157
4/03/2019 0:00,Shere Khan,79.88386,24.62104
5/03/2019 0:00,Shere Khan,79.87864,24.61576
6/03/2019 0:00,Shere Khan,79.90531,24.64439
7/03/2019 0:00,Shere Khan,79.88478,24.62228
8/03/2019 0:00,Shere Khan,79.87312,24.62673
9/03/2019 0:00,Shere Khan,79.87381,24.62885
10/03/2019 0:00,Shere Khan,79.88417,24.62173
11/03/2019 0:00,Shere Khan,79.8738,24.62896
12/03/2019 0:00,Shere Khan,79.85541,24.6181
13/03/2019 0:00,Shere Khan,79.88825,24.6232
14/03/2019 0:00,Shere Khan,79.87647,24.6303
15/03/2019 0:00,Shere Khan,79.85175,24.60808
16/03/2019 0:00,Shere Khan,79.87378,24.61072
17/03/2019 0:00,Shere Khan,79.8528,24.61464
18/03/2019 0:00,Shere Khan,79.87071,24.63291
19/03/2019 0:00,Shere Khan,79.88454,24.62244
20/03/2019 0:00,Shere Khan,79.87281,24.61354
21/03/2019 0:00,Shere Khan,79.87105,24.61408
22/03/2019 0:00,Shere Khan,79.87483,24.61679
23/03/2019 0:00,Shere Khan,79.87464,24.6284
24/03/2019 0:00,Shere Khan,79.8657,24.60876
25/03/2019 0:00,Shere Khan,79.87319,24.61289
26/03/2019 0:00,Shere Khan,79.87547,24.61481
27/03/2019 0:00,Shere Khan,79.86215,24.63264
28/03/2019 0:00,Shere Khan,79.87448,24.63061
29/03/2019 0:00,Shere Khan,79.87738,24.62836
30/03/2019 0:00,Shere Khan,79.87378,24.62885
31/03/2019 0:00,Shere Khan,79.85314,24.6066
1/04/2019 0:00,Shere Khan,79.8746,24.63154
2/04/2019 0:00,Shere Khan,79.88319,24.63725
3/04/2019 0:00,Shere Khan,79.88246,24.63878
4/04/2019 0:00,Shere Khan,79.88541,24.63128
5/04/2019 0:00,Shere Khan,79.85173,24.60918
6/04/2019 0:00,Shere Khan,79.87741,24.62054
7/04/2019 0:00,Shere Khan,79.87211,24.6261
8/04/2019 0:00,Shere Khan,79.8849,24.61651
9/04/2019 0:00,Shere Khan,79.87395,24.6275
10/04/2019 0:00,Shere Khan,79.88537,24.62158
1/01/2019 0:00,Growlithe,80.04075852,24.59250792
2/01/2019 0:00,Growlithe,80.03311292,24.57088732
3/01/2019 0:00,Growlithe,80.02477911,24.57180006
4/01/2019 0:00,Growlithe,80.03297684,24.57199408
5/01/2019 0:00,Growlithe,80.02765157,24.56750186
6/01/2019 0:00,Growlithe,80.04409606,24.57999819
7/01/2019 0:00,Growlithe,80.04197356,24.57888816
8/01/2019 0:00,Growlithe,80.04324153,24.57870851
9/01/2019 0:00,Growlithe,80.04143952,24.58678725
10/01/2019 0:00,Growlithe,80.04493534,24.57878353
11/01/2019 0:00,Growlithe,80.04174608,24.57259338
12/01/2019 0:00,Growlithe,80.0487644,24.57365337
13/01/2019 0:00,Growlithe,80.03222144,24.57775366
14/01/2019 0:00,Growlithe,80.03203764,24.57972092
15/01/2019 0:00,Growlithe,80.04190766,24.57668092
16/01/2019 0:00,Growlithe,80.04771759,24.5778916
17/01/2019 0:00,Growlithe,80.01889794,24.5812576
18/01/2019 0:00,Growlithe,80.02887051,24.58122742
19/01/2019 0:00,Growlithe,80.06044629,24.55291492
20/01/2019 0:00,Growlithe,80.05657614,24.55702546
21/01/2019 0:00,Growlithe,80.05725368,24.55986427
22/01/2019 0:00,Growlithe,80.02996232,24.57922443
23/01/2019 0:00,Growlithe,80.02143372,24.57879909
24/01/2019 0:00,Growlithe,80.06702048,24.55643226
25/01/2019 0:00,Growlithe,80.06507774,24.5562176
26/01/2019 0:00,Growlithe,80.06648862,24.5573543
27/01/2019 0:00,Growlithe,80.06099956,24.5591616
28/01/2019 0:00,Growlithe,80.02805217,24.57267674
29/01/2019 0:00,Growlithe,80.05743543,24.55871328
30/01/2019 0:00,Growlithe,80.05657946,24.55577753
31/01/2019 0:00,Growlithe,80.05657946,24.55577753
1/02/2019 0:00,Growlithe,80.05546977,24.55638918
2/02/2019 0:00,Growlithe,80.04273518,24.57038573
3/02/2019 0:00,Growlithe,80.05753209,24.55593565
4/02/2019 0:00,Growlithe,80.05451472,24.56253369
5/02/2019 0:00,Growlithe,80.05819408,24.55812747
6/02/2019 0:00,Growlithe,80.04128421,24.58130146
7/02/2019 0:00,Growlithe,80.04143042,24.58101792
8/02/2019 0:00,Growlithe,80.04087279,24.58018263
9/02/2019 0:00,Growlithe,80.10408615,24.57847389
10/02/2019 0:00,Growlithe,80.04750406,24.59884378
11/02/2019 0:00,Growlithe,80.05659946,24.55584753
12/02/2019 0:00,Growlithe,80.06063787,24.54861615
13/02/2019 0:00,Growlithe,80.05631845,24.53623136
14/02/2019 0:00,Growlithe,80.05385594,24.56584687
15/02/2019 0:00,Growlithe,80.05725409,24.55802747
16/02/2019 0:00,Growlithe,80.05333017,24.56270322
17/02/2019 0:00,Growlithe,80.05656266,24.55769087
18/02/2019 0:00,Growlithe,80.05655627,24.55300546
19/02/2019 0:00,Growlithe,80.06454893,24.58898231
20/02/2019 0:00,Growlithe,80.05746543,24.55876328
21/02/2019 0:00,Growlithe,80.06121211,24.54976048
22/02/2019 0:00,Growlithe,80.05978472,24.55189369
23/02/2019 0:00,Growlithe,80.03799315,24.58600246
24/02/2019 0:00,Growlithe,80.06111213,24.55292048
25/02/2019 0:00,Growlithe,80.03874987,24.5753574
26/02/2019 0:00,Growlithe,80.06113213,24.55283048
27/02/2019 0:00,Growlithe,80.05165185,24.56637565
28/02/2019 0:00,Growlithe,80.0465,24.57756
1/03/2019 0:00,Growlithe,80.04381,24.58361
2/03/2019 0:00,Growlithe,80.0465,24.57756
3/03/2019 0:00,Growlithe,80.0465,24.57756
4/03/2019 0:00,Growlithe,80.04796,24.59639
5/03/2019 0:00,Growlithe,80.08215,24.5601
6/03/2019 0:00,Growlithe,80.0465,24.57756
7/03/2019 0:00,Growlithe,80.05104,24.56645
8/03/2019 0:00,Growlithe,80.01815,24.59143
9/03/2019 0:00,Growlithe,80.04176,24.57522
10/03/2019 0:00,Growlithe,80.01473,24.58142
11/03/2019 0:00,Growlithe,80.03493,24.60315
12/03/2019 0:00,Growlithe,80.02147,24.60076
13/03/2019 0:00,Growlithe,80.00906,24.52207
14/03/2019 0:00,Growlithe,80.00871,24.62022
15/03/2019 0:00,Growlithe,80.0465,24.57756
16/03/2019 0:00,Growlithe,80.05881,24.53219
17/03/2019 0:00,Growlithe,80.0465,24.57756
18/03/2019 0:00,Growlithe,80.05697,24.55093
19/03/2019 0:00,Growlithe,80.0465,24.57756
20/03/2019 0:00,Growlithe,80.04256,24.50126
21/03/2019 0:00,Growlithe,80.02562,24.59374
22/03/2019 0:00,Growlithe,80.02333,24.59589
23/03/2019 0:00,Growlithe,80.03101,24.56307
24/03/2019 0:00,Growlithe,80.02576,24.59158
25/03/2019 0:00,Growlithe,80.0465,24.57756
26/03/2019 0:00,Growlithe,80.04073,24.59119
27/03/2019 0:00,Growlithe,80.0465,24.57756
28/03/2019 0:00,Growlithe,80.03992,24.59132
29/03/2019 0:00,Growlithe,80.02128,24.58148
30/03/2019 0:00,Growlithe,80.02038,24.5862
31/03/2019 0:00,Growlithe,80.05651,24.55935
1/04/2019 0:00,Growlithe,80.05738,24.55693
2/04/2019 0:00,Growlithe,80.01789,24.58055
3/04/2019 0:00,Growlithe,80.02073,24.58368
4/04/2019 0:00,Growlithe,80.02175,24.58208
5/04/2019 0:00,Growlithe,80.02264,24.58161
6/04/2019 0:00,Growlithe,80.04344,24.61788
7/04/2019 0:00,Growlithe,80.0883,24.56271
8/04/2019 0:00,Growlithe,80.08017,24.59262
9/04/2019 0:00,Growlithe,80.01763,24.57734
10/04/2019 0:00,Growlithe,80.05748,24.55637
11/04/2019 0:00,Growlithe,80.05752,24.55597
12/04/2019 0:00,Growlithe,80.04384,24.59644
13/04/2019 0:00,Growlithe,80.07419,24.59566
14/04/2019 0:00,Growlithe,80.08108,24.60167
15/04/2019 0:00,Growlithe,80.01982,24.58132
16/04/2019 0:00,Growlithe,80.05732,24.55689
17/04/2019 0:00,Growlithe,80.01724,24.56979
18/04/2019 0:00,Growlithe,80.02231,24.59422
19/04/2019 0:00,Growlithe,80.0436,24.59765
20/04/2019 0:00,Growlithe,80.03667,24.60907
21/04/2019 0:00,Growlithe,80.01113,24.57985
22/04/2019 0:00,Growlithe,80.0109,24.58143
23/04/2019 0:00,Growlithe,80.03547,24.58793
24/04/2019 0:00,Growlithe,80.0313,24.59696
25/04/2019 0:00,Growlithe,80.03421,24.59218
26/04/2019 0:00,Growlithe,80.03572,24.59103
27/04/2019 0:00,Growlithe,80.03028,24.59907
28/04/2019 0:00,Growlithe,80.01585,24.59523
29/04/2019 0:00,Growlithe,80.05733,24.55595
30/04/2019 0:00,Growlithe,80.09582,24.55243
1/05/2019 0:00,Growlithe,80.05682,24.55821
2/05/2019 0:00,Growlithe,80.02058,24.58912
3/05/2019 0:00,Growlithe,80.02368,24.60147
4/05/2019 0:00,Growlithe,80.07741,24.58152
5/05/2019 0:00,Growlithe,80.05683,24.55819
6/05/2019 0:00,Growlithe,80.02548,24.60167
7/05/2019 0:00,Growlithe,80.01915,24.58235
8/05/2019 0:00,Growlithe,80.04773,24.59686
9/05/2019 0:00,Growlithe,80.01956,24.58121
10/05/2019 0:00,Growlithe,80.04448,24.59917
11/05/2019 0:00,Growlithe,80.05739,24.5587
12/05/2019 0:00,Growlithe,80.05957,24.55289
13/05/2019 0:00,Growlithe,80.05733,24.55689
14/05/2019 0:00,Growlithe,80.0204,24.58622
15/05/2019 0:00,Growlithe,80.0582,24.55652
16/05/2019 0:00,Growlithe,80.06284,24.60229
17/05/2019 0:00,Growlithe,80.05638,24.55705
18/05/2019 0:00,Growlithe,80.01955,24.58113
19/05/2019 0:00,Growlithe,80.04648,24.57758
20/05/2019 0:00,Growlithe,80.06988,24.59868
21/05/2019 0:00,Growlithe,80.04645,24.57759
22/05/2019 0:00,Growlithe,80.0576,24.55544
23/05/2019 0:00,Growlithe,80.04648,24.57758
24/05/2019 0:00,Growlithe,80.04648,24.57758
25/05/2019 0:00,Growlithe,80.04615,24.56529
26/05/2019 0:00,Growlithe,80.03845,24.56887
27/05/2019 0:00,Growlithe,80.04452,24.5767
28/05/2019 0:00,Growlithe,80.06125,24.58805
29/05/2019 0:00,Growlithe,80.09505,24.57139
30/05/2019 0:00,Growlithe,80.07411,24.57773
31/05/2019 0:00,Growlithe,80.03981,24.56776
1/06/2019 0:00,Growlithe,80.04076,24.57033
2/06/2019 0:00,Growlithe,80.05578,24.55787
3/06/2019 0:00,Growlithe,80.04962,24.57297
4/06/2019 0:00,Growlithe,80.07045,24.57835
5/06/2019 0:00,Growlithe,80.04456,24.57674
6/06/2019 0:00,Growlithe,80.04651,24.57754
7/06/2019 0:00,Growlithe,80.02656,24.56825
8/06/2019 0:00,Growlithe,80.08746,24.564
9/06/2019 0:00,Growlithe,80.07299,24.60267
10/06/2019 0:00,Growlithe,80.02267,24.59453
11/06/2019 0:00,Growlithe,80.01552,24.58076
12/06/2019 0:00,Growlithe,80.07706,24.57728
13/06/2019 0:00,Growlithe,80.05211,24.58204
14/06/2019 0:00,Growlithe,80.05208,24.58321
15/06/2019 0:00,Growlithe,80.01911,24.59699
16/06/2019 0:00,Growlithe,80.01595,24.59271
17/06/2019 0:00,Growlithe,80.04058,24.59201
18/06/2019 0:00,Growlithe,80.09819,24.56649
19/06/2019 0:00,Growlithe,80.02118,24.56557
20/06/2019 0:00,Growlithe,80.06358,24.59993
21/06/2019 0:00,Growlithe,80.0576,24.57975
22/06/2019 0:00,Growlithe,80.04795,24.57833
23/06/2019 0:00,Growlithe,80.01552,24.58215
24/06/2019 0:00,Growlithe,80.01567,24.59601
25/06/2019 0:00,Growlithe,80.02608,24.58184
26/06/2019 0:00,Growlithe,80.02019,24.58834
27/06/2019 0:00,Growlithe,80.01098,24.557
28/06/2019 0:00,Growlithe,80.01805,24.58077
29/06/2019 0:00,Growlithe,80.08288,24.57441
30/06/2019 0:00,Growlithe,80.08045,24.57815
1/07/2019 0:00,Growlithe,80.08383,24.58512
2/07/2019 0:00,Growlithe,80.0218,24.5871
3/07/2019 0:00,Growlithe,80.01625,24.58926
4/07/2019 0:00,Growlithe,80.08409,24.55463
5/07/2019 0:00,Growlithe,80.07989,24.54839
6/07/2019 0:00,Growlithe,80.08503,24.55446
7/07/2019 0:00,Growlithe,80.07639,24.57947
1/01/2019 0:00,Woods,79.95212263,24.67109231
2/01/2019 0:00,Woods,79.94917581,24.67301753
3/01/2019 0:00,Woods,79.9491725,24.67417546
4/01/2019 0:00,Woods,79.98303841,24.68432742
5/01/2019 0:00,Woods,79.96528725,24.65335444
6/01/2019 0:00,Woods,79.96829053,24.66540926
7/01/2019 0:00,Woods,79.96307702,24.65543092
8/01/2019 0:00,Woods,79.97516966,24.64642078
9/01/2019 0:00,Woods,79.96292462,24.65759136
10/01/2019 0:00,Woods,79.96347925,24.65939923
11/01/2019 0:00,Woods,79.96302299,24.65822546
12/01/2019 0:00,Woods,79.97796232,24.67991546
13/01/2019 0:00,Woods,79.9765969,24.63243289
14/01/2019 0:00,Woods,79.96204288,24.65739939
15/01/2019 0:00,Woods,79.97275381,24.65665817
16/01/2019 0:00,Woods,79.96493872,24.65477322
17/01/2019 0:00,Woods,79.96520495,24.66180819
18/01/2019 0:00,Woods,79.96317431,24.66173111
19/01/2019 0:00,Woods,79.96648787,24.65380615
20/01/2019 0:00,Woods,79.96398725,24.6580716
21/01/2019 0:00,Woods,79.96730758,24.6371375
22/01/2019 0:00,Woods,79.9552293,24.65178112
23/01/2019 0:00,Woods,79.96096694,24.657567
24/01/2019 0:00,Woods,79.95577726,24.62585092
25/01/2019 0:00,Woods,79.97855432,24.66028885
26/01/2019 0:00,Woods,79.964321,24.66521427
27/01/2019 0:00,Woods,79.95820552,24.6453888
28/01/2019 0:00,Woods,79.96496872,24.65445322
29/01/2019 0:00,Woods,79.95352936,24.65455186
30/01/2019 0:00,Woods,79.96324724,24.63743111
31/01/2019 0:00,Woods,79.97371566,24.64425519
1/02/2019 0:00,Woods,79.96298462,24.65761136
2/02/2019 0:00,Woods,79.9537812,24.64781479
3/02/2019 0:00,Woods,79.94962981,24.65100647
4/02/2019 0:00,Woods,79.95719807,24.64582937
5/02/2019 0:00,Woods,79.96121323,24.64821939
6/02/2019 0:00,Woods,79.9647216,24.64587263
7/02/2019 0:00,Woods,79.96467142,24.65582263
8/02/2019 0:00,Woods,79.96107948,24.65668125
9/02/2019 0:00,Woods,79.95460248,24.64881543
10/02/2019 0:00,Woods,79.96406725,24.6580516
11/02/2019 0:00,Woods,79.96301463,24.65756136
12/02/2019 0:00,Woods,79.9643991,24.6570889
13/02/2019 0:00,Woods,79.96841694,24.62720778
14/02/2019 0:00,Woods,79.96781634,24.62761052
15/02/2019 0:00,Woods,79.9674841,24.62556955
16/02/2019 0:00,Woods,79.9345555,24.66445137
17/02/2019 0:00,Woods,79.94570391,24.64346955
18/02/2019 0:00,Woods,79.9586544,24.6414192
19/02/2019 0:00,Woods,79.96928466,24.6559292
20/02/2019 0:00,Woods,79.95363485,24.65040136
21/02/2019 0:00,Woods,79.9590532,24.65162546
22/02/2019 0:00,Woods,79.95520444,24.64570674
23/02/2019 0:00,Woods,79.96454592,24.65368402
24/02/2019 0:00,Woods,79.97605168,24.65589653
25/02/2019 0:00,Woods,79.95370262,24.64321048
26/02/2019 0:00,Woods,79.95141433,24.64426687
27/02/2019 0:00,Woods,79.95079934,24.64906112
28/02/2019 0:00,Woods,79.95259207,24.64892849
1/03/2019 0:00,Woods,79.95330994,24.64984566
2/03/2019 0:00,Woods,79.95648734,24.63825933
3/03/2019 0:00,Woods,79.96356,24.65509
4/03/2019 0:00,Woods,79.96445,24.6537
5/03/2019 0:00,Woods,79.99214,24.6707
6/03/2019 0:00,Woods,79.98186,24.64485
7/03/2019 0:00,Woods,79.97716,24.66021
8/03/2019 0:00,Woods,79.96355,24.65938
9/03/2019 0:00,Woods,79.96754,24.66889
10/03/2019 0:00,Woods,79.96526,24.66207
11/03/2019 0:00,Woods,79.96059,24.66147
12/03/2019 0:00,Woods,79.96005,24.65759
13/03/2019 0:00,Woods,79.96262,24.65839
14/03/2019 0:00,Woods,79.96378,24.65926
15/03/2019 0:00,Woods,79.96285,24.65954
16/03/2019 0:00,Woods,79.96468,24.6593
17/03/2019 0:00,Woods,79.9647,24.65922
18/03/2019 0:00,Woods,79.9647,24.65922
19/03/2019 0:00,Woods,79.96401,24.66109
20/03/2019 0:00,Woods,79.98274,24.64777
21/03/2019 0:00,Woods,79.96597,24.62747
22/03/2019 0:00,Woods,79.9727,24.64747
23/03/2019 0:00,Woods,79.96582,24.66185
24/03/2019 0:00,Woods,79.96102,24.65754
25/03/2019 0:00,Woods,79.96504,24.66362
26/03/2019 0:00,Woods,79.96729,24.65014
27/03/2019 0:00,Woods,79.97494,24.66693
28/03/2019 0:00,Woods,79.98539,24.67649
29/03/2019 0:00,Woods,79.96343,24.6606
30/03/2019 0:00,Woods,79.96116,24.64566
31/03/2019 0:00,Woods,79.96179,24.65486
1/04/2019 0:00,Woods,79.97135,24.62615
2/04/2019 0:00,Woods,79.9627,24.65699
3/04/2019 0:00,Woods,79.97148,24.62614
4/04/2019 0:00,Woods,79.96982,24.62359
5/04/2019 0:00,Woods,79.97181,24.62604
6/04/2019 0:00,Woods,79.97042,24.62615
7/04/2019 0:00,Woods,79.97042,24.62615
8/04/2019 0:00,Woods,79.96384,24.66264
9/04/2019 0:00,Woods,79.97164,24.62848
10/04/2019 0:00,Woods,79.96876,24.62846
11/04/2019 0:00,Woods,79.96309,24.62635
12/04/2019 0:00,Woods,79.97142,24.62865
13/04/2019 0:00,Woods,79.97139,24.62865
14/04/2019 0:00,Woods,79.96098,24.63095
15/04/2019 0:00,Woods,79.96021,24.62886
16/04/2019 0:00,Woods,79.96951,24.62788
17/04/2019 0:00,Woods,79.96349,24.62817
18/04/2019 0:00,Woods,79.96937,24.62859
19/04/2019 0:00,Woods,79.96755,24.62308
20/04/2019 0:00,Woods,79.97142,24.62865
21/04/2019 0:00,Woods,79.96428,24.65069
22/04/2019 0:00,Woods,79.96226,24.6268
23/04/2019 0:00,Woods,79.98205,24.65075
24/04/2019 0:00,Woods,79.96877,24.62844
25/04/2019 0:00,Woods,79.97119,24.62823
26/04/2019 0:00,Woods,79.97766,24.63852
27/04/2019 0:00,Woods,79.96653,24.62853
28/04/2019 0:00,Woods,79.95478,24.62835
29/04/2019 0:00,Woods,79.97037,24.62656
30/04/2019 0:00,Woods,79.96184,24.65985
1/05/2019 0:00,Woods,79.96394,24.62888
2/05/2019 0:00,Woods,79.96242,24.63073
3/05/2019 0:00,Woods,79.97669,24.6403
4/05/2019 0:00,Woods,79.96375,24.62618
5/05/2019 0:00,Woods,79.96982,24.62688
6/05/2019 0:00,Woods,79.98157,24.66201
7/05/2019 0:00,Woods,79.96546,24.62709
8/05/2019 0:00,Woods,79.95919,24.63282
9/05/2019 0:00,Woods,79.96424,24.62734
10/05/2019 0:00,Woods,79.97018,24.62871
11/05/2019 0:00,Woods,79.96684,24.64019
12/05/2019 0:00,Woods,79.97114,24.62759
13/05/2019 0:00,Woods,79.9693,24.62723
14/05/2019 0:00,Woods,79.96111,24.64663
15/05/2019 0:00,Woods,79.97083,24.62579
16/05/2019 0:00,Woods,79.96744,24.62527
17/05/2019 0:00,Woods,79.97035,24.62549
18/05/2019 0:00,Woods,79.97097,24.62576
1/01/2019 0:00,Tony,80.01647672,24.58655408
2/01/2019 0:00,Tony,80.01849791,24.59654695
3/01/2019 0:00,Tony,80.02337397,24.57471229
4/01/2019 0:00,Tony,80.0256716,24.57444543
5/01/2019 0:00,Tony,80.01856519,24.58311896
6/01/2019 0:00,Tony,80.01861921,24.58083536
7/01/2019 0:00,Tony,80.0189134,24.58356471
8/01/2019 0:00,Tony,80.01998529,24.58894224
9/01/2019 0:00,Tony,80.02159872,24.58179112
10/01/2019 0:00,Tony,79.99410617,24.60435387
11/01/2019 0:00,Tony,79.97064821,24.59873684
12/01/2019 0:00,Tony,80.02277235,24.58248443
13/01/2019 0:00,Tony,80.01915052,24.58134447
14/01/2019 0:00,Tony,79.98040679,24.58936629
15/01/2019 0:00,Tony,80.02866624,24.58265338
16/01/2019 0:00,Tony,80.01411522,24.61577463
17/01/2019 0:00,Tony,80.00010722,24.62901933
18/01/2019 0:00,Tony,79.99554982,24.62056856
19/01/2019 0:00,Tony,80.00011721,24.62893933
20/01/2019 0:00,Tony,80.02207848,24.5851275
21/01/2019 0:00,Tony,80.07849912,24.5781116
22/01/2019 0:00,Tony,80.02006076,24.58357581
23/01/2019 0:00,Tony,80.02545653,24.58387142
24/01/2019 0:00,Tony,80.01910602,24.58154475
25/01/2019 0:00,Tony,79.98664663,24.61742402
26/01/2019 0:00,Tony,80.01680009,24.58936311
27/01/2019 0:00,Tony,80.02200241,24.58114242
29/01/2019 0:00,Tony,80.01356826,24.59439753
30/01/2019 0:00,Tony,79.99348443,24.61651546
31/01/2019 0:00,Tony,79.98559133,24.61577562
1/02/2019 0:00,Tony,79.98559133,24.61577562
2/02/2019 0:00,Tony,79.98933067,24.61458466
4/02/2019 0:00,Tony,80.01810472,24.58077369
5/02/2019 0:00,Tony,80.03214757,24.61012346
6/02/2019 0:00,Tony,79.99320335,24.66141149
7/02/2019 0:00,Tony,80.02371685,24.58557125
8/02/2019 0:00,Tony,80.02242584,24.56216369
9/02/2019 0:00,Tony,80.00514,24.58546
10/02/2019 0:00,Tony,80.01647,24.59341
11/02/2019 0:00,Tony,80.02138,24.60166
12/02/2019 0:00,Tony,80.02082,24.60346
13/02/2019 0:00,Tony,80.0242,24.60373
14/02/2019 0:00,Tony,80.02355,24.60202
15/02/2019 0:00,Tony,80.00123,24.6322
16/02/2019 0:00,Tony,80.01552,24.59706
17/02/2019 0:00,Tony,80.01498,24.59685
18/02/2019 0:00,Tony,80.0166,24.58116
19/02/2019 0:00,Tony,79.98569,24.6195
20/02/2019 0:00,Tony,80.02528,24.59321
21/02/2019 0:00,Tony,80.00032,24.63385
22/02/2019 0:00,Tony,80.02155,24.59396
23/02/2019 0:00,Tony,80.01646,24.59751
24/02/2019 0:00,Tony,80.02171,24.60898
25/02/2019 0:00,Tony,80.0204,24.59444
26/02/2019 0:00,Tony,80.00126,24.58432
27/02/2019 0:00,Tony,79.98696,24.58038
28/02/2019 0:00,Tony,80.01515,24.58766
1/03/2019 0:00,Tony,80.01445,24.58825
2/03/2019 0:00,Tony,79.98606,24.61896
3/03/2019 0:00,Tony,79.98681,24.61954
4/03/2019 0:00,Tony,80.01515,24.58766
5/03/2019 0:00,Tony,80.01553,24.59809
6/03/2019 0:00,Tony,79.96586,24.59883
7/03/2019 0:00,Tony,80.01826,24.59454
8/03/2019 0:00,Tony,80.01783,24.59674
9/03/2019 0:00,Tony,79.99902,24.63056
10/03/2019 0:00,Tony,79.99283,24.60583
11/03/2019 0:00,Tony,80.01532,24.6139
12/03/2019 0:00,Tony,80.00087,24.62934
13/03/2019 0:00,Tony,80.00754,24.59208
14/03/2019 0:00,Tony,79.99288,24.60244
15/03/2019 0:00,Tony,80.02568,24.62194
16/03/2019 0:00,Tony,79.99733,24.62954
17/03/2019 0:00,Tony,79.99179,24.59646
18/03/2019 0:00,Tony,79.98651,24.61862
19/03/2019 0:00,Tony,79.98705,24.61823
20/03/2019 0:00,Tony,79.99251,24.60088
21/03/2019 0:00,Tony,79.99254,24.60086
22/03/2019 0:00,Tony,80.02338,24.63899
23/03/2019 0:00,Tony,79.99251,24.6014
24/03/2019 0:00,Tony,80.02055,24.59557
25/03/2019 0:00,Tony,80.01503,24.59766
26/03/2019 0:00,Tony,79.99174,24.59649
27/03/2019 0:00,Tony,79.99252,24.60137
28/03/2019 0:00,Tony,79.99279,24.60239
29/03/2019 0:00,Tony,80.0298,24.60998
30/03/2019 0:00,Tony,79.98906,24.61775
31/03/2019 0:00,Tony,80.00177,24.63143
1/04/2019 0:00,Tony,79.99163,24.59706
2/04/2019 0:00,Tony,79.99947,24.59873
3/04/2019 0:00,Tony,79.99171,24.60245
4/04/2019 0:00,Tony,79.99207,24.60149
5/04/2019 0:00,Tony,80.01066,24.61813
6/04/2019 0:00,Tony,80.01068,24.61911
7/04/2019 0:00,Tony,80.01116,24.61801
8/04/2019 0:00,Tony,80.01019,24.61833
9/04/2019 0:00,Tony,79.99128,24.60123
10/04/2019 0:00,Tony,79.98985,24.61449
11/04/2019 0:00,Tony,79.99312,24.60182
12/04/2019 0:00,Tony,80.02557,24.62183
13/04/2019 0:00,Tony,80.02567,24.62287
14/04/2019 0:00,Tony,80.0502,24.62994
15/04/2019 0:00,Tony,80.01594,24.59515
16/04/2019 0:00,Tony,79.9927,24.60205
17/04/2019 0:00,Tony,79.98779,24.61579
18/04/2019 0:00,Tony,80.01025,24.61833
19/04/2019 0:00,Tony,80.00527,24.59228
20/04/2019 0:00,Tony,79.9931,24.60181
21/04/2019 0:00,Tony,80.01528,24.61426
22/04/2019 0:00,Tony,79.99359,24.60185
23/04/2019 0:00,Tony,79.98608,24.61488
24/04/2019 0:00,Tony,79.97496,24.58468
25/04/2019 0:00,Tony,79.98951,24.5773
26/04/2019 0:00,Tony,79.9922,24.57086
27/04/2019 0:00,Tony,79.99233,24.59514
28/04/2019 0:00,Tony,80.01796,24.59732
29/04/2019 0:00,Tony,80.01036,24.61931
30/04/2019 0:00,Tony,79.99389,24.62659
1/05/2019 0:00,Tony,80.01571,24.59608
2/05/2019 0:00,Tony,80.03275,24.61076
3/05/2019 0:00,Tony,80.03014,24.61034
4/05/2019 0:00,Tony,80.0235,24.60172
5/05/2019 0:00,Tony,80.02088,24.6
6/05/2019 0:00,Tony,79.99279,24.60243
7/05/2019 0:00,Tony,79.98843,24.58221
8/05/2019 0:00,Tony,79.98605,24.61903
9/05/2019 0:00,Tony,80.00722,24.61643
10/05/2019 0:00,Tony,80.01618,24.60961
11/05/2019 0:00,Tony,79.98452,24.57211
12/05/2019 0:00,Tony,79.98074,24.57589
13/05/2019 0:00,Tony,79.97863,24.57431
14/05/2019 0:00,Tony,80.00563,24.58658
15/05/2019 0:00,Tony,79.98605,24.61903
16/05/2019 0:00,Tony,80.00726,24.59544
17/05/2019 0:00,Tony,79.98061,24.58601
18/05/2019 0:00,Tony,80.02327,24.62396
19/05/2019 0:00,Tony,80.00092,24.63045
20/05/2019 0:00,Tony,80.00678,24.59046
21/05/2019 0:00,Tony,79.97913,24.57696
22/05/2019 0:00,Tony,80.02174,24.60821
23/05/2019 0:00,Tony,79.98972,24.63218
24/05/2019 0:00,Tony,80.01854,24.59841
25/05/2019 0:00,Tony,79.98775,24.61698
26/05/2019 0:00,Tony,79.9856,24.61952
27/05/2019 0:00,Tony,79.98605,24.62131
28/05/2019 0:00,Tony,79.98415,24.62054
29/05/2019 0:00,Tony,79.98445,24.58673
30/05/2019 0:00,Tony,80.00835,24.59444
31/05/2019 0:00,Tony,79.99367,24.56658
1/06/2019 0:00,Tony,79.99732,24.6227
1/01/2019 0:00,Richard Parker,80.12126,24.59284
2/01/2019 0:00,Richard Parker,80.12115,24.59287
3/01/2019 0:00,Richard Parker,80.12116,24.59288
4/01/2019 0:00,Richard Parker,80.10728,24.6377
5/01/2019 0:00,Richard Parker,80.03097,24.5961
6/01/2019 0:00,Richard Parker,80.02127,24.57155
7/01/2019 0:00,Richard Parker,80.03353,24.60569
8/01/2019 0:00,Richard Parker,80.07873,24.59778
9/01/2019 0:00,Richard Parker,80.13645,24.61706
10/01/2019 0:00,Richard Parker,80.13645,24.62388
11/01/2019 0:00,Richard Parker,80.02139,24.57936
12/01/2019 0:00,Richard Parker,80.06808,24.59482
13/01/2019 0:00,Richard Parker,80.11658,24.59606
14/01/2019 0:00,Richard Parker,80.01928,24.58035
15/01/2019 0:00,Richard Parker,80.06668,24.55081
16/01/2019 0:00,Richard Parker,80.00668,24.55081
17/01/2019 0:00,Richard Parker,80.07042,24.59505
18/01/2019 0:00,Richard Parker,80.06668,24.55081
19/01/2019 0:00,Richard Parker,80.06808,24.56259
20/01/2019 0:00,Richard Parker,80.02558,24.58846
21/01/2019 0:00,Richard Parker,80.11031,24.61823
22/01/2019 0:00,Richard Parker,80.02194,24.57024
23/01/2019 0:00,Richard Parker,80.06649,24.55735
24/01/2019 0:00,Richard Parker,80.02999,24.58719
25/01/2019 0:00,Richard Parker,80.13952,24.61945
26/01/2019 0:00,Richard Parker,80.11154,24.6252
27/01/2019 0:00,Richard Parker,80.12422,24.59957
28/01/2019 0:00,Richard Parker,80.10957,24.60974
29/01/2019 0:00,Richard Parker,80.10749,24.62287
30/01/2019 0:00,Richard Parker,80.12679,24.61985
31/01/2019 0:00,Richard Parker,80.13026,24.61171
1/02/2019 0:00,Richard Parker,80.02304,24.57668
2/02/2019 0:00,Richard Parker,80.03083,24.57263
3/02/2019 0:00,Richard Parker,80.04306,24.58014
4/02/2019 0:00,Richard Parker,80.04119,24.58136
5/02/2019 0:00,Richard Parker,80.10925,24.61956
6/02/2019 0:00,Richard Parker,80.01205,24.58282
7/02/2019 0:00,Richard Parker,80.03034,24.59424
8/02/2019 0:00,Richard Parker,80.10394,24.56341
9/02/2019 0:00,Richard Parker,80.06049,24.55372
10/02/2019 0:00,Richard Parker,80.14016,24.61955
11/02/2019 0:00,Richard Parker,80.09025,24.61792
12/02/2019 0:00,Richard Parker,80.09466,24.63711
13/02/2019 0:00,Richard Parker,80.08298,24.6318
14/02/2019 0:00,Richard Parker,80.02302,24.58353
15/02/2019 0:00,Richard Parker,80.14667,24.62429
16/02/2019 0:00,Richard Parker,80.08403,24.62575
17/02/2019 0:00,Richard Parker,80.05587,24.55735
18/02/2019 0:00,Richard Parker,80.13746,24.62618
19/02/2019 0:00,Richard Parker,80.13218,24.63893
20/02/2019 0:00,Richard Parker,80.14056,24.61875
21/02/2019 0:00,Richard Parker,80.02484,24.57543
22/02/2019 0:00,Richard Parker,80.05521,24.55906
23/02/2019 0:00,Richard Parker,80.029,24.60929
24/02/2019 0:00,Richard Parker,80.01981,24.60142
25/02/2019 0:00,Richard Parker,80.19271,24.62315
26/02/2019 0:00,Richard Parker,80.07601,24.6296
27/02/2019 0:00,Richard Parker,80.10965,24.59001
28/02/2019 0:00,Richard Parker,80.12956,24.62829
1/03/2019 0:00,Richard Parker,80.14067,24.6368
2/03/2019 0:00,Richard Parker,80.04403,24.58551
3/03/2019 0:00,Richard Parker,80.06039,24.55277
4/03/2019 0:00,Richard Parker,80.05399,24.56409
5/03/2019 0:00,Richard Parker,80.07628,24.60067
6/03/2019 0:00,Richard Parker,80.14054,24.61879
7/03/2019 0:00,Richard Parker,80.02488,24.57567
8/03/2019 0:00,Richard Parker,80.06042,24.59957
9/03/2019 0:00,Richard Parker,80.02604,24.5645
10/03/2019 0:00,Richard Parker,80.02904,24.57127
11/03/2019 0:00,Richard Parker,80.01858,24.58028
12/03/2019 0:00,Richard Parker,80.03916,24.62371
13/03/2019 0:00,Richard Parker,80.10051,24.67038
14/03/2019 0:00,Richard Parker,80.10982,24.6175
15/03/2019 0:00,Richard Parker,80.05698,24.568
16/03/2019 0:00,Richard Parker,80.03719,24.58996
17/03/2019 0:00,Richard Parker,80.01032,24.61723
18/03/2019 0:00,Richard Parker,80.00865,24.61829
19/03/2019 0:00,Richard Parker,80.01167,24.61881
20/03/2019 0:00,Richard Parker,80.00739,24.61835
21/03/2019 0:00,Richard Parker,80.03874,24.62317
22/03/2019 0:00,Richard Parker,80.08901,24.62831
23/03/2019 0:00,Richard Parker,80.14515,24.62362
24/03/2019 0:00,Richard Parker,80.10991,24.61796
25/03/2019 0:00,Richard Parker,80.05683,24.55819
26/03/2019 0:00,Richard Parker,80.05532,24.55639
27/03/2019 0:00,Richard Parker,80.03223,24.60464
28/03/2019 0:00,Richard Parker,80.10184,24.56792
29/03/2019 0:00,Richard Parker,80.07128,24.61968
30/03/2019 0:00,Richard Parker,80.11195,24.6181
31/03/2019 0:00,Richard Parker,80.10016,24.57358
1/04/2019 0:00,Richard Parker,80.05599,24.55865
2/04/2019 0:00,Richard Parker,80.02561,24.63678
3/04/2019 0:00,Richard Parker,80.07135,24.621
4/04/2019 0:00,Richard Parker,80.05534,24.55641
5/04/2019 0:00,Richard Parker,80.03942,24.62332
6/04/2019 0:00,Richard Parker,80.15917,24.60815
7/04/2019 0:00,Richard Parker,80.15871,24.61697
8/04/2019 0:00,Richard Parker,80.158,24.61964
9/04/2019 0:00,Richard Parker,80.03009,24.61033
10/04/2019 0:00,Richard Parker,80.02398,24.60135
11/04/2019 0:00,Richard Parker,80.02333,24.6022
12/04/2019 0:00,Richard Parker,80.05551,24.55707
13/04/2019 0:00,Richard Parker,80.09036,24.58582
14/04/2019 0:00,Richard Parker,80.06534,24.57107
15/04/2019 0:00,Richard Parker,80.07656,24.60559
16/04/2019 0:00,Richard Parker,80.06039,24.54923
17/04/2019 0:00,Richard Parker,80.0347,24.59336
18/04/2019 0:00,Richard Parker,80.05772,24.60283
19/04/2019 0:00,Richard Parker,80.11228,24.58228
20/04/2019 0:00,Richard Parker,80.11161,24.58218
21/04/2019 0:00,Richard Parker,80.11075,24.58238
22/04/2019 0:00,Richard Parker,80.07862,24.59992
23/04/2019 0:00,Richard Parker,80.11289,24.58009
24/04/2019 0:00,Richard Parker,80.10967,24.5824
25/04/2019 0:00,Richard Parker,80.03766,24.58466
26/04/2019 0:00,Richard Parker,80.11286,24.58665
27/04/2019 0:00,Richard Parker,80.13278,24.6519
28/04/2019 0:00,Richard Parker,80.01832,24.57777
29/04/2019 0:00,Richard Parker,80.12023,24.63385
30/04/2019 0:00,Richard Parker,80.04569,24.57835
1/05/2019 0:00,Richard Parker,80.11849,24.63524
2/05/2019 0:00,Richard Parker,80.09622,24.62175
3/05/2019 0:00,Richard Parker,80.02071,24.59931
4/05/2019 0:00,Richard Parker,80.0604,24.55281
5/05/2019 0:00,Richard Parker,80.05545,24.5564
6/05/2019 0:00,Richard Parker,80.03864,24.58429
7/05/2019 0:00,Richard Parker,80.09532,24.60096
1/01/2019 0:00,Tigger,80.05797287,24.69784411
2/01/2019 0:00,Tigger,80.04893186,24.70344475
3/01/2019 0:00,Tigger,80.07877303,24.7112507
4/01/2019 0:00,Tigger,80.08162708,24.71996436
5/01/2019 0:00,Tigger,80.08937714,24.71498698
6/01/2019 0:00,Tigger,80.09113653,24.7148693
7/01/2019 0:00,Tigger,80.09113653,24.7148693
8/01/2019 0:00,Tigger,80.09130654,24.7146893
9/01/2019 0:00,Tigger,80.08577612,24.71142798
10/01/2019 0:00,Tigger,80.08322599,24.71162314
11/01/2019 0:00,Tigger,80.09090381,24.74996041
12/01/2019 0:00,Tigger,80.09479281,24.74600608
13/01/2019 0:00,Tigger,80.09421519,24.74808431
14/01/2019 0:00,Tigger,80.06776974,24.72902466
15/01/2019 0:00,Tigger,80.09840897,24.68958565
16/01/2019 0:00,Tigger,80.11161099,24.74562705
17/01/2019 0:00,Tigger,80.09372718,24.73698715
18/01/2019 0:00,Tigger,80.09287846,24.71598566
19/01/2019 0:00,Tigger,80.07098285,24.72044849
20/01/2019 0:00,Tigger,80.06097501,24.69831418
21/01/2019 0:00,Tigger,80.05267473,24.70309369
22/01/2019 0:00,Tigger,80.03390734,24.70247125
23/01/2019 0:00,Tigger,80.099209,24.75016311
24/01/2019 0:00,Tigger,80.10479127,24.75329705
25/01/2019 0:00,Tigger,80.103731,24.75281365
26/01/2019 0:00,Tigger,80.10659956,24.75276173
27/01/2019 0:00,Tigger,80.10528525,24.75213856
28/01/2019 0:00,Tigger,80.09197196,24.71796909
29/01/2019 0:00,Tigger,80.08028179,24.71131111
30/01/2019 0:00,Tigger,80.0908835,24.71510918
31/01/2019 0:00,Tigger,80.08107717,24.71187223
1/02/2019 0:00,Tigger,80.08521217,24.7512234
2/02/2019 0:00,Tigger,80.11091497,24.75128217
3/02/2019 0:00,Tigger,80.0676105,24.74773078
4/02/2019 0:00,Tigger,80.11124074,24.76435777
5/02/2019 0:00,Tigger,80.07450954,24.73353447
6/02/2019 0:00,Tigger,80.10791421,24.75508411
7/02/2019 0:00,Tigger,80.11312269,24.74399237
8/02/2019 0:00,Tigger,80.09416686,24.75307186
9/02/2019 0:00,Tigger,80.11008238,24.7565734
10/02/2019 0:00,Tigger,80.09485212,24.74995918
11/02/2019 0:00,Tigger,80.07132359,24.75237161
12/02/2019 0:00,Tigger,80.06385935,24.72526772
13/02/2019 0:00,Tigger,80.07028085,24.75121777
14/02/2019 0:00,Tigger,80.103308,24.76096112
15/02/2019 0:00,Tigger,80.103308,24.76093112
16/02/2019 0:00,Tigger,80.05296097,24.70311242
17/02/2019 0:00,Tigger,80.07905849,24.70987565
18/02/2019 0:00,Tigger,80.06621078,24.71852165
19/02/2019 0:00,Tigger,80.1115684,24.74860953
20/02/2019 0:00,Tigger,80.10959023,24.66906466
21/02/2019 0:00,Tigger,80.07065634,24.72358559
22/02/2019 0:00,Tigger,80.05537,24.70900754
23/02/2019 0:00,Tigger,80.06086,24.6606
24/02/2019 0:00,Tigger,80.05516,24.66396
25/02/2019 0:00,Tigger,80.04755,24.65798
26/02/2019 0:00,Tigger,79.99364,24.66997
27/02/2019 0:00,Tigger,79.98496,24.67364
28/02/2019 0:00,Tigger,79.97882,24.66786
1/03/2019 0:00,Tigger,79.96194,24.65756
2/03/2019 0:00,Tigger,79.96314,24.66047
3/03/2019 0:00,Tigger,79.9616,24.65829
4/03/2019 0:00,Tigger,79.96105,24.6566
5/03/2019 0:00,Tigger,79.99973,24.63842
6/03/2019 0:00,Tigger,80.05687,24.67303
7/03/2019 0:00,Tigger,80.07619,24.70072
8/03/2019 0:00,Tigger,80.07709,24.65825
9/03/2019 0:00,Tigger,80.12313,24.76209
10/03/2019 0:00,Tigger,80.12119,24.75374
11/03/2019 0:00,Tigger,80.1213,24.75488
12/03/2019 0:00,Tigger,80.07922,24.73314
13/03/2019 0:00,Tigger,80.07287,24.72405
14/03/2019 0:00,Tigger,80.10682,24.72283
15/03/2019 0:00,Tigger,80.09109,24.73834
16/03/2019 0:00,Tigger,80.10293,24.74581
17/03/2019 0:00,Tigger,80.07798,24.69949
18/03/2019 0:00,Tigger,80.08358,24.70993
19/03/2019 0:00,Tigger,80.09113,24.71389
20/03/2019 0:00,Tigger,80.10014,24.71457
21/03/2019 0:00,Tigger,80.09652,24.72871
22/03/2019 0:00,Tigger,80.09788,24.73327
23/03/2019 0:00,Tigger,80.10004,24.74157
24/03/2019 0:00,Tigger,80.11101,24.75548
25/03/2019 0:00,Tigger,79.82661,24.51595
26/03/2019 0:00,Tigger,79.89485,24.64054
27/03/2019 0:00,Tigger,79.91044,24.64575
28/03/2019 0:00,Tigger,79.91434,24.63537
29/03/2019 0:00,Tigger,79.90395,24.63902
30/03/2019 0:00,Tigger,79.92433,24.64577
31/03/2019 0:00,Tigger,79.93285,24.66529
1/04/2019 0:00,Tigger,79.98214,24.6177
2/04/2019 0:00,Tigger,80.02572,24.63314
3/04/2019 0:00,Tigger,80.02115,24.63479
4/04/2019 0:00,Tigger,80.02315,24.6362
5/04/2019 0:00,Tigger,80.02579,24.63704
6/04/2019 0:00,Tigger,80.02169,24.63503
7/04/2019 0:00,Tigger,80.01847,24.59714
8/04/2019 0:00,Tigger,80.04094,24.58189
9/04/2019 0:00,Tigger,80.05696,24.55813
10/04/2019 0:00,Tigger,80.00917,24.62174
11/04/2019 0:00,Tigger,80.02168,24.63688
12/04/2019 0:00,Tigger,80.0227,24.63609
13/04/2019 0:00,Tigger,80.011,24.61896
14/04/2019 0:00,Tigger,79.97724,24.64495
15/04/2019 0:00,Tigger,79.97906,24.64123
16/04/2019 0:00,Tigger,79.92927,24.64098
17/04/2019 0:00,Tigger,80.00172,24.63659
18/04/2019 0:00,Tigger,80.02425,24.63488
19/04/2019 0:00,Tigger,80.02334,24.63546
20/04/2019 0:00,Tigger,80.00089,24.62731
21/04/2019 0:00,Tigger,80.01103,24.61923
22/04/2019 0:00,Tigger,80.00923,24.61674
23/04/2019 0:00,Tigger,80.01064,24.6191
24/04/2019 0:00,Tigger,80.01099,24.61893
25/04/2019 0:00,Tigger,80.011,24.61905
26/04/2019 0:00,Tigger,80.00965,24.6175
27/04/2019 0:00,Tigger,80.00825,24.61894
28/04/2019 0:00,Tigger,80.01486,24.61314
29/04/2019 0:00,Tigger,80.01016,24.61828
30/04/2019 0:00,Tigger,80.0032,24.64103
1/05/2019 0:00,Tigger,80.0027,24.64116
2/05/2019 0:00,Tigger,80.00516,24.6385
3/05/2019 0:00,Tigger,80.00501,24.64062
4/05/2019 0:00,Tigger,79.99325,24.64332
5/05/2019 0:00,Tigger,79.97773,24.64024
6/05/2019 0:00,Tigger,79.97768,24.65779
7/05/2019 0:00,Tigger,79.97421,24.63227
8/05/2019 0:00,Tigger,79.97783,24.64152
9/05/2019 0:00,Tigger,79.95529,24.59059
10/05/2019 0:00,Tigger,79.95558,24.59213
11/05/2019 0:00,Tigger,79.95638,24.59233
12/05/2019 0:00,Tigger,79.95833,24.58853
13/05/2019 0:00,Tigger,79.96552,24.56976
14/05/2019 0:00,Tigger,79.94761,24.5516
15/05/2019 0:00,Tigger,79.92413,24.50594
16/05/2019 0:00,Tigger,79.92467,24.4998
17/05/2019 0:00,Tigger,79.92857,24.49769
18/05/2019 0:00,Tigger,79.9209,24.49691
19/05/2019 0:00,Tigger,79.89221,24.47727
20/05/2019 0:00,Tigger,79.87291,24.48866
21/05/2019 0:00,Tigger,79.97319,24.49046
22/05/2019 0:00,Tigger,79.87472,24.48565
23/05/2019 0:00,Tigger,79.88184,24.47682
24/05/2019 0:00,Tigger,79.87609,24.48511
25/05/2019 0:00,Tigger,79.8693,24.4799
26/05/2019 0:00,Tigger,79.8693,24.4799
27/05/2019 0:00,Tigger,79.88718,24.47318
28/05/2019 0:00,Tigger,79.86876,24.47989
29/05/2019 0:00,Tigger,79.92174,24.49249
30/05/2019 0:00,Tigger,79.9245,24.49792
31/05/2019 0:00,Tigger,79.96417,24.57246
1/06/2019 0:00,Tigger,79.98343,24.61945
2/06/2019 0:00,Tigger,79.93228,24.61835
3/06/2019 0:00,Tigger,79.89444,24.6134
4/06/2019 0:00,Tigger,79.85727,24.59688
5/06/2019 0:00,Tigger,79.85704,24.59887
6/06/2019 0:00,Tigger,79.86683,24.61171
7/06/2019 0:00,Tigger,79.88203,24.61982
8/06/2019 0:00,Tigger,79.88042,24.62136
9/06/2019 0:00,Tigger,79.88041,24.61641
10/06/2019 0:00,Tigger,79.8819,24.61572
11/06/2019 0:00,Tigger,79.88615,24.60144
12/06/2019 0:00,Tigger,79.90284,24.62947
13/06/2019 0:00,Tigger,79.90743,24.60829
14/06/2019 0:00,Tigger,79.89918,24.65398
15/06/2019 0:00,Tigger,79.89769,24.643
16/06/2019 0:00,Tigger,79.91048,24.62617
17/06/2019 0:00,Tigger,79.90608,24.61877
18/06/2019 0:00,Tigger,79.88582,24.62707
19/06/2019 0:00,Tigger,79.88996,24.64219
20/06/2019 0:00,Tigger,79.8797,24.64953
21/06/2019 0:00,Tigger,79.87764,24.64459
22/06/2019 0:00,Tigger,79.87757,24.65301
23/06/2019 0:00,Tigger,79.88009,24.64833
24/06/2019 0:00,Tigger,79.88099,24.64899
1/01/2019 0:00,Hobbes,80.07387886,24.69428565
2/01/2019 0:00,Hobbes,80.06294767,24.69117223
3/01/2019 0:00,Hobbes,80.06361911,24.68941365
4/01/2019 0:00,Hobbes,80.05718937,24.69092025
5/01/2019 0:00,Hobbes,80.07355547,24.71706641
6/01/2019 0:00,Hobbes,80.07542815,24.72073558
7/01/2019 0:00,Hobbes,80.0872133,24.71819222
8/01/2019 0:00,Hobbes,80.0791668,24.7080593
9/01/2019 0:00,Hobbes,80.10168901,24.73494695
10/01/2019 0:00,Hobbes,80.0869624,24.71570081
11/01/2019 0:00,Hobbes,80.06973299,24.69152543
12/01/2019 0:00,Hobbes,80.08152,24.70999508
13/01/2019 0:00,Hobbes,80.08027179,24.71132111
14/01/2019 0:00,Hobbes,80.09091649,24.7158793
15/01/2019 0:00,Hobbes,80.08107717,24.71187223
16/01/2019 0:00,Hobbes,80.10840047,24.73170705
17/01/2019 0:00,Hobbes,80.12324165,24.7639231
18/01/2019 0:00,Hobbes,80.12228653,24.71799715
19/01/2019 0:00,Hobbes,80.06427901,24.71856117
20/01/2019 0:00,Hobbes,80.09064922,24.71809311
21/01/2019 0:00,Hobbes,80.08211592,24.70931057
22/01/2019 0:00,Hobbes,80.07970658,24.70902092
23/01/2019 0:00,Hobbes,80.04303657,24.70981092
24/01/2019 0:00,Hobbes,80.07561615,24.70064674
25/01/2019 0:00,Hobbes,80.06110319,24.70824543
26/01/2019 0:00,Hobbes,80.09511211,24.75004918
27/01/2019 0:00,Hobbes,80.11640782,24.75534715
28/01/2019 0:00,Hobbes,80.11594228,24.75346326
29/01/2019 0:00,Hobbes,80.11714524,24.75396105
30/01/2019 0:00,Hobbes,80.11161374,24.75433543
31/01/2019 0:00,Hobbes,80.11020714,24.75451322
1/02/2019 0:00,Hobbes,80.10987788,24.75297615
2/02/2019 0:00,Hobbes,80.10826987,24.75822546
3/02/2019 0:00,Hobbes,80.11573856,24.76456926
4/02/2019 0:00,Hobbes,80.10084965,24.73986466
5/02/2019 0:00,Hobbes,80.09533431,24.7484336
6/02/2019 0:00,Hobbes,80.07535364,24.74243753
7/02/2019 0:00,Hobbes,80.07403294,24.741497
8/02/2019 0:00,Hobbes,80.0736768,24.73589418
9/02/2019 0:00,Hobbes,80.0736468,24.73586418
10/02/2019 0:00,Hobbes,80.09514211,24.75000918
11/02/2019 0:00,Hobbes,80.12651126,24.76146365
12/02/2019 0:00,Hobbes,80.11717524,24.75399105
13/02/2019 0:00,Hobbes,80.09255199,24.76038795
14/02/2019 0:00,Hobbes,80.08917863,24.7737639
15/02/2019 0:00,Hobbes,80.08208147,24.71039816
16/02/2019 0:00,Hobbes,80.0800308,24.71010851
17/02/2019 0:00,Hobbes,80.10174,24.72935
18/02/2019 0:00,Hobbes,80.103,24.73301
19/02/2019 0:00,Hobbes,80.10144,24.73169
20/02/2019 0:00,Hobbes,80.10468,24.72721
21/02/2019 0:00,Hobbes,80.10629,24.74335
22/02/2019 0:00,Hobbes,80.0673,24.69368
23/02/2019 0:00,Hobbes,80.04051,24.68032
24/02/2019 0:00,Hobbes,80.08667,24.70912
25/02/2019 0:00,Hobbes,80.09996,24.7449
26/02/2019 0:00,Hobbes,80.06742,24.72214
27/02/2019 0:00,Hobbes,80.07589,24.70006
28/02/2019 0:00,Hobbes,80.09725,24.75009
1/03/2019 0:00,Hobbes,80.10141,24.746
2/03/2019 0:00,Hobbes,80.12408,24.76217
3/03/2019 0:00,Hobbes,80.07578,24.70039
4/03/2019 0:00,Hobbes,80.05964,24.66975
5/03/2019 0:00,Hobbes,80.0687,24.72693
6/03/2019 0:00,Hobbes,80.10181,24.74496
7/03/2019 0:00,Hobbes,80.12322,24.72333
8/03/2019 0:00,Hobbes,80.07934,24.70102
9/03/2019 0:00,Hobbes,80.05687,24.72024
10/03/2019 0:00,Hobbes,80.11282,24.70493
11/03/2019 0:00,Hobbes,80.09283,24.75628
12/03/2019 0:00,Hobbes,80.04719,24.72761
13/03/2019 0:00,Hobbes,80.04649,24.70802
14/03/2019 0:00,Hobbes,80.04404,24.70667
15/03/2019 0:00,Hobbes,80.04466,24.70794
16/03/2019 0:00,Hobbes,80.04962,24.69944
17/03/2019 0:00,Hobbes,80.0745,24.70139
18/03/2019 0:00,Hobbes,80.11104,24.71761
19/03/2019 0:00,Hobbes,80.02902,24.69188
20/03/2019 0:00,Hobbes,80.02448,24.68905
21/03/2019 0:00,Hobbes,80.03174,24.70251
22/03/2019 0:00,Hobbes,80.02508,24.70969
23/03/2019 0:00,Hobbes,79.99157,24.69482
24/03/2019 0:00,Hobbes,79.99165,24.69606
25/03/2019 0:00,Hobbes,79.98727,24.69182
26/03/2019 0:00,Hobbes,79.98715,24.70569
27/03/2019 0:00,Hobbes,79.97953,24.68076
28/03/2019 0:00,Hobbes,79.98858,24.70465
29/03/2019 0:00,Hobbes,80.02164,24.71829
30/03/2019 0:00,Hobbes,80.02332,24.71889
31/03/2019 0:00,Hobbes,79.9992,24.67676
1/04/2019 0:00,Hobbes,79.98793,24.68603
2/04/2019 0:00,Hobbes,79.98587,24.69828
3/04/2019 0:00,Hobbes,79.98792,24.70392
4/04/2019 0:00,Hobbes,79.98614,24.71017
5/04/2019 0:00,Hobbes,79.98696,24.70962
6/04/2019 0:00,Hobbes,80.02756,24.71218
7/04/2019 0:00,Hobbes,80.04476,24.70898
8/04/2019 0:00,Hobbes,80.04853,24.70762
9/04/2019 0:00,Hobbes,80.02805,24.70969
10/04/2019 0:00,Hobbes,79.98906,24.70448
11/04/2019 0:00,Hobbes,79.98546,24.70794
12/04/2019 0:00,Hobbes,79.98326,24.6951
13/04/2019 0:00,Hobbes,79.97677,24.67802
14/04/2019 0:00,Hobbes,79.97465,24.68215
15/04/2019 0:00,Hobbes,79.98457,24.70633
16/04/2019 0:00,Hobbes,79.98786,24.71003
17/04/2019 0:00,Hobbes,79.98412,24.69534
18/04/2019 0:00,Hobbes,79.98651,24.7079
19/04/2019 0:00,Hobbes,79.98785,24.68961
20/04/2019 0:00,Hobbes,79.98324,24.68834
21/04/2019 0:00,Hobbes,79.9874,24.6961
22/04/2019 0:00,Hobbes,79.98927,24.70983
23/04/2019 0:00,Hobbes,79.98736,24.70554
24/04/2019 0:00,Hobbes,79.9898,24.70603
25/04/2019 0:00,Hobbes,80.0209,24.71728
26/04/2019 0:00,Hobbes,80.0413,24.67615
27/04/2019 0:00,Hobbes,80.04933,24.7028
28/04/2019 0:00,Hobbes,80.0595,24.67386
29/04/2019 0:00,Hobbes,79.99464,24.69524
30/04/2019 0:00,Hobbes,79.97679,24.68039
1/05/2019 0:00,Hobbes,79.98088,24.68643
2/05/2019 0:00,Hobbes,79.98946,24.70128
3/05/2019 0:00,Hobbes,79.9845,24.70843
4/05/2019 0:00,Hobbes,79.99068,24.70718
5/05/2019 0:00,Hobbes,79.97591,24.68087
6/05/2019 0:00,Hobbes,79.98548,24.7079
7/05/2019 0:00,Hobbes,80.00749,24.72846
8/05/2019 0:00,Hobbes,80.02648,24.71309
9/05/2019 0:00,Hobbes,80.0273,24.7205
10/05/2019 0:00,Hobbes,80.02736,24.71866
11/05/2019 0:00,Hobbes,79.99402,24.71895
12/05/2019 0:00,Hobbes,79.97795,24.69652
13/05/2019 0:00,Hobbes,80.00087,24.68093
14/05/2019 0:00,Hobbes,80.03681,24.70818
15/05/2019 0:00,Hobbes,80.02613,24.71926
16/05/2019 0:00,Hobbes,80.0006,24.71469
17/05/2019 0:00,Hobbes,79.98757,24.71078
18/05/2019 0:00,Hobbes,79.98669,24.70493
19/05/2019 0:00,Hobbes,80.02601,24.7197
20/05/2019 0:00,Hobbes,80.03414,24.68311
21/05/2019 0:00,Hobbes,80.04418,24.71101
22/05/2019 0:00,Hobbes,80.04471,24.70996
23/05/2019 0:00,Hobbes,80.00383,24.72766
24/05/2019 0:00,Hobbes,79.98663,24.70497
25/05/2019 0:00,Hobbes,79.98189,24.69542
26/05/2019 0:00,Hobbes,79.97959,24.69042
27/05/2019 0:00,Hobbes,79.97504,24.69635
28/05/2019 0:00,Hobbes,79.98024,24.69925
29/05/2019 0:00,Hobbes,79.97795,24.69668
30/05/2019 0:00,Hobbes,79.97093,24.7042
31/05/2019 0:00,Hobbes,79.97076,24.70354
1/06/2019 0:00,Hobbes,79.96906,24.70387
2/06/2019 0:00,Hobbes,79.98256,24.69728
3/06/2019 0:00,Hobbes,79.97853,24.69577
4/06/2019 0:00,Hobbes,79.9787,24.70059
5/06/2019 0:00,Hobbes,79.97657,24.693
6/06/2019 0:00,Hobbes,79.97944,24.69648
7/06/2019 0:00,Hobbes,79.99827,24.67847
8/06/2019 0:00,Hobbes,79.99793,24.6705
9/06/2019 0:00,Hobbes,80.03904,24.69341
10/06/2019 0:00,Hobbes,80.03305,24.69535
11/06/2019 0:00,Hobbes,80.00205,24.68017
12/06/2019 0:00,Hobbes,80.02902,24.69188
13/06/2019 0:00,Hobbes,80.02448,24.68905
14/06/2019 0:00,Hobbes,80.03174,24.70251
15/06/2019 0:00,Hobbes,80.02508,24.70969
16/06/2019 0:00,Hobbes,79.99157,24.69482
17/06/2019 0:00,Hobbes,79.99165,24.69606
18/06/2019 0:00,Hobbes,79.98727,24.69182
19/06/2019 0:00,Hobbes,79.98715,24.70569
20/06/2019 0:00,Hobbes,79.97953,24.68076
21/06/2019 0:00,Hobbes,79.98858,24.70465
22/06/2019 0:00,Hobbes,80.02164,24.71829
23/06/2019 0:00,Hobbes,80.02332,24.71889
24/06/2019 0:00,Hobbes,79.9992,24.67676
25/06/2019 0:00,Hobbes,79.98793,24.68603
26/06/2019 0:00,Hobbes,79.98587,24.69828
27/06/2019 0:00,Hobbes,79.98792,24.70392
28/06/2019 0:00,Hobbes,79.98614,24.71017
29/06/2019 0:00,Hobbes,79.98696,24.70962
30/06/2019 0:00,Hobbes,80.02756,24.71218
1/07/2019 0:00,Hobbes,80.04476,24.70898
2/07/2019 0:00,Hobbes,80.04853,24.70762
3/07/2019 0:00,Hobbes,80.02805,24.70969
4/07/2019 0:00,Hobbes,79.98906,24.70448
5/07/2019 0:00,Hobbes,79.98546,24.70794
6/07/2019 0:00,Hobbes,79.98326,24.6951
7/07/2019 0:00,Hobbes,79.97677,24.67802
8/07/2019 0:00,Hobbes,79.97465,24.68215
9/07/2019 0:00,Hobbes,79.98457,24.70633
10/07/2019 0:00,Hobbes,79.98786,24.71003
11/07/2019 0:00,Hobbes,79.98412,24.69534
12/07/2019 0:00,Hobbes,79.98651,24.7079
